"unimodal","transmodal","transmodal_restricted","self"
1,0,0,0
1,0,0,0
1,0,0,0
1,0,0,0
1,0,0,0
1,0,0,0
1,0,0,0
1,0,0,0
1,0,0,0
0,1,1,0
0,1,0,0
0,1,0,0
1,0,0,0
0,1,1,0
0,1,1,0
1,0,0,0
1,0,0,0
1,0,0,0
1,0,0,0
1,0,0,1
1,0,0,0
1,0,0,0
1,0,0,0
1,0,0,0
0,1,0,0
0,1,0,0
0,1,0,0
0,1,0,0
0,1,1,0
0,1,1,0
0,1,1,0
0,1,1,0
0,1,1,0
0,1,1,0
0,1,1,0
1,0,0,0
0,1,1,0
0,1,1,0
1,0,0,0
1,0,0,0
1,0,0,0
1,0,0,0
0,1,1,0
0,1,1,0
0,1,1,0
0,1,0,0
1,0,0,0
1,0,0,1
1,0,0,0
0,1,0,0
1,0,0,0
1,0,0,0
1,0,0,0
1,0,0,0
1,0,0,0
1,0,0,0
0,1,1,1
0,1,1,0
0,1,1,0
0,1,1,0
0,1,1,0
0,1,1,0
0,1,1,1
0,1,1,0
0,1,1,0
0,1,1,0
0,1,1,0
0,1,1,0
0,1,1,0
0,1,1,0
0,1,1,0
0,1,1,0
0,1,1,0
0,1,0,0
0,1,0,0
0,1,1,0
0,1,1,0
0,1,1,1
0,1,0,0
0,1,1,0
0,1,0,0
0,1,1,1
0,1,1,0
0,1,1,0
0,1,1,0
0,1,1,0
0,1,1,0
0,1,1,0
0,1,1,0
0,1,1,0
0,1,1,0
0,1,1,0
0,1,1,0
0,1,1,0
0,1,0,0
0,1,0,0
0,1,1,0
0,1,1,0
0,1,1,0
1,0,0,0
1,0,0,0
1,0,0,0
1,0,0,0
1,0,0,0
0,1,1,0
0,1,1,0
1,0,0,1
0,1,1,1
0,1,1,1
0,1,0,0
0,1,1,0
0,1,0,0
0,1,1,0
0,1,1,0
1,0,0,0
0,1,0,1
0,1,0,0
0,1,1,0
0,1,1,0
0,1,1,1
1,0,0,0
0,1,0,0
0,1,0,0
1,0,0,0
0,1,0,0
0,1,1,0
0,1,0,0
0,1,0,0
0,1,0,0
0,1,1,0
0,1,1,0
0,1,1,0
0,1,1,0
0,1,1,0
0,1,0,0
0,1,0,0
0,1,0,0
1,0,0,1
0,1,0,0
0,1,0,0
0,1,0,0
1,0,0,0
0,1,0,0
0,1,1,0
0,1,1,1
0,1,0,0
0,1,1,0
0,1,1,1
0,1,1,0
0,1,1,1
0,1,1,0
1,0,0,0
1,0,0,0
1,0,0,0
0,1,1,0
1,0,0,0
1,0,0,0
1,0,0,0
1,0,0,0
1,0,0,0
0,1,1,0
0,1,1,0
1,0,0,0
0,1,1,0
0,1,1,0
0,1,0,0
0,1,1,0
1,0,0,0
0,1,1,0
0,1,1,0
0,1,1,0
0,1,0,0
1,0,0,0
1,0,0,0
1,0,0,0
0,1,1,0
0,1,1,0
0,1,1,0
0,1,1,0
0,1,1,0
1,0,0,0
1,0,0,0
1,0,0,0
1,0,0,0
1,0,0,0
1,0,0,0
1,0,0,0
1,0,0,0
1,0,0,1
0,1,1,0
0,1,0,0
0,1,0,0
1,0,0,0
0,1,1,0
0,1,1,0
1,0,0,0
1,0,0,0
1,0,0,0
1,0,0,0
1,0,0,0
1,0,0,0
1,0,0,0
1,0,0,0
1,0,0,0
0,1,0,0
0,1,0,0
0,1,0,0
0,1,0,0
0,1,1,0
0,1,1,0
0,1,1,0
0,1,1,1
0,1,1,0
0,1,1,1
0,1,1,0
1,0,0,0
0,1,1,0
0,1,1,0
1,0,0,0
1,0,0,1
1,0,0,0
1,0,0,0
0,1,1,0
0,1,1,0
0,1,1,0
0,1,0,0
1,0,0,0
1,0,0,0
1,0,0,0
0,1,0,1
1,0,0,0
1,0,0,0
1,0,0,0
1,0,0,0
1,0,0,0
1,0,0,0
0,1,1,0
0,1,1,0
0,1,1,0
0,1,1,0
0,1,1,1
0,1,1,0
0,1,1,0
0,1,1,0
0,1,1,0
0,1,1,0
0,1,1,0
0,1,1,1
0,1,1,1
0,1,1,0
0,1,1,0
0,1,1,0
0,1,1,0
0,1,0,0
0,1,0,0
0,1,1,0
0,1,1,0
0,1,1,1
0,1,0,0
0,1,1,0
0,1,0,0
0,1,1,0
0,1,1,0
0,1,1,0
0,1,1,0
0,1,1,0
0,1,1,1
0,1,1,0
0,1,1,0
0,1,1,0
0,1,1,0
0,1,1,0
0,1,1,0
0,1,1,0
0,1,0,0
0,1,0,0
0,1,1,0
0,1,1,0
0,1,1,0
1,0,0,0
1,0,0,0
1,0,0,0
1,0,0,0
1,0,0,0
0,1,1,0
0,1,1,1
1,0,0,0
0,1,1,0
0,1,1,0
0,1,0,0
0,1,1,1
0,1,0,1
0,1,1,0
0,1,1,0
1,0,0,0
0,1,0,0
0,1,0,1
0,1,1,0
0,1,1,0
0,1,1,0
1,0,0,0
0,1,0,1
0,1,0,0
1,0,0,0
0,1,0,0
0,1,1,0
0,1,0,0
0,1,0,0
0,1,0,0
0,1,1,0
0,1,1,0
0,1,1,1
0,1,1,0
0,1,1,0
0,1,0,0
0,1,0,0
0,1,0,0
1,0,0,1
0,1,0,0
0,1,0,0
0,1,0,0
1,0,0,0
0,1,0,0
0,1,1,0
0,1,1,0
0,1,0,0
0,1,1,0
0,1,1,0
0,1,1,0
0,1,1,1
0,1,1,0
1,0,0,0
1,0,0,0
1,0,0,0
0,1,1,0
1,0,0,0
1,0,0,0
1,0,0,0
1,0,0,0
1,0,0,0
0,1,1,0
0,1,1,0
1,0,0,0
0,1,1,0
0,1,1,0
0,1,0,0
0,1,1,0
1,0,0,0
0,1,1,0
0,1,1,0
0,1,1,0
0,1,0,0
1,0,0,0
1,0,0,0
1,0,0,0
0,1,1,0
0,1,1,0
0,1,1,0
0,1,1,0
0,1,1,0
